{
  "project": "p2-bayesian-probabilistic",
  "summary": "Averaged over 200 datasets, partial pooling cuts RMSE on the true group means from 3.38 (no pooling) to 2.44 and wins 94% of the time. Chains mixed (max R-hat 1.001). Across 200 datasets the credible intervals are well calibrated (mean |calibration error| 0.092).",
  "data_source": "synthetic hierarchical (known group means)",
  "seed": 42,
  "n_groups": 16,
  "n_per_group": 4,
  "true_mu": 5.0,
  "true_tau": 3.0,
  "posterior": {
    "mu_mean": 5.157948428187129,
    "mu_ci": [
      3.5453486805632264,
      6.719405170281093
    ],
    "tau_mean": 1.8331563736767134,
    "tau_ci": [
      1.0471276522901356,
      3.0559993654471063
    ],
    "theta_mean": [
      5.4340180506247515,
      4.562071099823575,
      5.662121905950018,
      6.699499894532098,
      3.9815198741889386,
      3.8541872958607524,
      5.522214092287364,
      5.466546310865248,
      5.747886460119063,
      3.454507103171863,
      6.142664504381194,
      5.169110168661909,
      5.415071468003013,
      5.204896098004753,
      5.591298052885213,
      4.594890716842524
    ],
    "theta_true": [
      5.914151239263294,
      1.8800476812785134,
      7.251353587419372,
      7.821694149173641,
      -0.853105565961509,
      1.0934614794130457,
      5.383521209501856,
      4.051272222969254,
      4.949596527487134,
      2.44086821727926,
      7.638193924588485,
      7.3333758062868455,
      5.198092092683648,
      8.381723620904099,
      6.402528026756137,
      2.4221226113502854
    ]
  },
  "shrinkage_single_dataset": {
    "partial_pooling_rmse": 2.066547762778379,
    "no_pooling_rmse": 2.3615601689955183,
    "complete_pooling_rmse": 2.674299603614835
  },
  "shrinkage_study": {
    "n_sims": 200,
    "mean_partial_pooling_rmse": 2.4439295960035943,
    "mean_no_pooling_rmse": 3.3791674595328685,
    "mean_complete_pooling_rmse": 3.009708200791841,
    "partial_win_rate": 0.935
  },
  "convergence": {
    "rhat_theta_max": 1.0014200647632037,
    "rhat_mu": 1.0007420768297204,
    "rhat_tau": 0.9999632384202202
  },
  "posterior_predictive": {
    "bayes_p_values": [
      0.588,
      0.594,
      0.864,
      0.34,
      0.468,
      0.672,
      0.736,
      0.954,
      0.97,
      0.846,
      0.288,
      0.4,
      0.702,
      0.406,
      0.678,
      0.87
    ],
    "mean_bayes_p": 0.6485000000000001
  },
  "calibration": {
    "levels": [
      0.5,
      0.7,
      0.8,
      0.9,
      0.95
    ],
    "empirical_coverage": [
      0.4025,
      0.5853125,
      0.7003125,
      0.810625,
      0.8890625
    ],
    "n_sims": 200,
    "mean_abs_calibration_error": 0.09243749999999998
  },
  "figures": [
    "results/figures/posterior_vs_true.png",
    "results/figures/shrinkage.png",
    "results/figures/calibration.png"
  ]
}