{
  "project": "p5-llm-privacy",
  "summary": "Tiny char-LM trained on synthetic logs with 4 inserted canaries (x16). Mean canary exposure 19.9/33.2 bits; 4 secrets effectively memorized (>50% of max exposure). Control (never-inserted) exposure 1.1 bits.",
  "method": "Secret Sharer canary exposure (perplexity-based membership test)",
  "seed": 42,
  "randomness_space": 10000000000,
  "max_exposure_bits": 33.219280948873624,
  "epochs": 10,
  "n_background_lines": 4000,
  "canary_repeats": 16,
  "final_train_loss": 0.4225608069446632,
  "mean_exposure_bits": 19.886309092715344,
  "max_exposure_bits_observed": 22.275611075526257,
  "control_exposure_bits": 1.102405315166365,
  "leaked_canaries": [
    "judy",
    "frank",
    "dave",
    "grace"
  ],
  "exposure_by_canary": {
    "judy": {
      "secret": "7660144485",
      "exposure_bits": 21.809441698844346,
      "real_perplexity": 0.7228547930717468,
      "mean_random_perplexity": 1.2057801198363305,
      "estimated_rank": 2720.8453645677364
    },
    "frank": {
      "secret": "6451017397",
      "exposure_bits": 17.255003895446727,
      "real_perplexity": 0.6695952415466309,
      "mean_random_perplexity": 1.0780397789180278,
      "estimated_rank": 63933.171997598845
    },
    "dave": {
      "secret": "3964178996",
      "exposure_bits": 18.205179701044045,
      "real_perplexity": 0.7630626559257507,
      "mean_random_perplexity": 1.1966585543751718,
      "estimated_rank": 33089.852672363304
    },
    "grace": {
      "secret": "9860919191",
      "exposure_bits": 22.275611075526257,
      "real_perplexity": 0.6445187926292419,
      "mean_random_perplexity": 1.1186619767546653,
      "estimated_rank": 1969.5766845240214
    }
  },
  "figures": [
    "results/figures/exposure_by_canary.png",
    "results/figures/perplexity_distribution.png"
  ]
}
