{
  "project": "p4-credit-risk-scoring",
  "summary": "Calibrated LogisticRegression scores synthetic credit default: ROC-AUC=0.884, KS=0.606, Gini=0.768, Brier=0.114; declining the riskiest 20% leaves an approval-rate gap of 0.012 between protected groups.",
  "source": "synthetic",
  "seed": 42,
  "n_total": 12000,
  "n_train": 8400,
  "n_test": 3600,
  "base_default_rate": 0.25933333333333336,
  "calibration_method": "isotonic",
  "decline_rate": 0.2,
  "best_model": "logreg",
  "models": {
    "logreg": {
      "discrimination": {
        "roc_auc": 0.8840406032985763,
        "gini": 0.7680812065971525,
        "ks_statistic": 0.6062447089288382
      },
      "calibration": {
        "brier_score": 0.11425864672074332,
        "ece": 0.014886904788327066,
        "reliability_curve": {
          "mean_predicted": [
            0.031070656259970603,
            0.14675384732650965,
            0.22420803666763062,
            0.3527046598041434,
            0.45769032532966736,
            0.5462444787913784,
            0.6405301021661379,
            0.7511811518711582,
            0.8453421448662378,
            0.945114175971906
          ],
          "observed_rate": [
            0.039523212045169384,
            0.14823008849557523,
            0.20774647887323944,
            0.32710280373831774,
            0.4860335195530726,
            0.47619047619047616,
            0.6234309623430963,
            0.7588652482269503,
            0.8735632183908046,
            0.967948717948718
          ],
          "weight": [
            0.44277777777777777,
            0.12555555555555556,
            0.07888888888888888,
            0.08916666666666667,
            0.04972222222222222,
            0.04083333333333333,
            0.06638888888888889,
            0.03916666666666667,
            0.024166666666666666,
            0.043333333333333335
          ]
        }
      },
      "operating_threshold": 0.5319083005024873,
      "confusion": {
        "tp": 532,
        "fp": 189,
        "fn": 402,
        "tn": 2477
      },
      "fairness": {
        "groups": [
          "A",
          "B"
        ],
        "per_group": {
          "A": {
            "n": 2104,
            "approval_rate": 0.8046577946768061,
            "tpr": 0.59,
            "default_rate": 0.2376425855513308
          },
          "B": {
            "n": 1496,
            "approval_rate": 0.7927807486631016,
            "tpr": 0.5460829493087558,
            "default_rate": 0.29010695187165775
          }
        },
        "approval_rate_gap": 0.01187704601370454,
        "tpr_gap": 0.043917050691244186
      }
    },
    "gbm": {
      "discrimination": {
        "roc_auc": 0.879417793420518,
        "gini": 0.7588355868410359,
        "ks_statistic": 0.6064487213880557
      },
      "calibration": {
        "brier_score": 0.11691713482330715,
        "ece": 0.01856253832635515,
        "reliability_curve": {
          "mean_predicted": [
            0.033191868777937845,
            0.1453811568235444,
            0.24882271977372103,
            0.34498772450435256,
            0.44996648822148816,
            0.5461738658835793,
            0.6419866612770823,
            0.7465696321101712,
            0.8448355958003654,
            0.9423011181508294
          ],
          "observed_rate": [
            0.04251269035532995,
            0.12903225806451613,
            0.2018348623853211,
            0.36283185840707965,
            0.42213114754098363,
            0.5327868852459017,
            0.6294416243654822,
            0.7867647058823529,
            0.888,
            0.967032967032967
          ],
          "weight": [
            0.43777777777777777,
            0.12055555555555555,
            0.09083333333333334,
            0.06277777777777778,
            0.06777777777777778,
            0.06777777777777778,
            0.05472222222222222,
            0.03777777777777778,
            0.034722222222222224,
            0.025277777777777777
          ]
        }
      },
      "operating_threshold": 0.5226747801893895,
      "confusion": {
        "tp": 528,
        "fp": 193,
        "fn": 406,
        "tn": 2473
      },
      "fairness": {
        "groups": [
          "A",
          "B"
        ],
        "per_group": {
          "A": {
            "n": 2104,
            "approval_rate": 0.8013307984790875,
            "tpr": 0.59,
            "default_rate": 0.2376425855513308
          },
          "B": {
            "n": 1496,
            "approval_rate": 0.7974598930481284,
            "tpr": 0.5368663594470046,
            "default_rate": 0.29010695187165775
          }
        },
        "approval_rate_gap": 0.0038709054309591373,
        "tpr_gap": 0.05313364055299541
      }
    }
  },
  "figures": [
    "results/figures/roc_curve.png",
    "results/figures/reliability_curve.png",
    "results/figures/score_distribution.png"
  ]
}
