{"model": "Qwen/Qwen2.5-0.5B-Instruct", "layer": 14, "dim": 896, "unit_vector": [0.004856, -0.0226, 0.000511, 0.068844, -0.037916, 0.014298, 0.017504, 0.003562, 0.021114, -0.063584, 0.043417, -0.000508, 0.009107, -0.013608, -0.00547, -0.008123, -0.010737, 0.001963, -0.132787, -0.026615, -0.055966, -0.01397, -0.047802, -0.027629, 0.013969, 0.063465, -0.018133, 0.024955, -0.01662, 0.038992, 0.000449, 0.060765, -0.019449, 0.019888, 0.01101, -0.05819, 0.047579, -0.004134, 0.02089, -0.071797, -0.021811, 0.038973, -0.011721, -0.062755, 0.054633, 0.01609, -0.112969, -0.021843, 0.086753, -0.033591, -0.000549, 0.123796, 0.036558, -0.003582, -0.062109, 0.067167, -0.025943, 0.004591, 0.041754, 0.010141, 0.021171, -0.001482, -0.071175, 0.00479, 0.019189, -0.012707, -0.007064, 0.026119, 0.014408, 0.000758, 0.015149, 0.035786, 0.005797, -0.013527, 0.007802, -0.010041, 0.039255, 0.001994, 0.030201, 0.023429, -0.048848, -0.0268, -0.005687, -0.013965, 0.017726, 0.009247, -0.075517, 0.000413, 0.055439, -0.029512, -0.029541, 0.023395, 0.021363, 0.057412, 0.008031, 0.038198, -0.005219, 0.007087, 0.001793, 0.004622, 0.024447, 0.034467, -0.012811, -0.009975, 0.042323, -0.058852, 0.068351, 0.038499, -0.003873, 0.020341, -0.010372, -0.009187, 0.118047, 0.001631, -0.004382, 0.003698, 0.018066, 0.002986, 0.00596, 0.023319, -0.007477, 0.007586, 0.021257, -0.005798, -0.028544, 0.00911, -0.052279, 0.016036, -0.032841, -0.0161, 0.052705, -0.003595, 7.5e-05, -0.003457, 0.050354, -0.020756, -0.013839, 0.070469, 0.030246, -0.016252, -0.079774, 0.036508, 0.008154, 0.00118, -0.069994, -0.02912, -0.07949, 0.006558, 0.036424, 0.001181, -0.003994, -0.046966, 0.018494, -0.066183, 0.000835, 0.029474, -0.040977, -0.031159, -0.044565, 0.026732, 0.009985, -0.050897, -0.015344, 0.016135, -0.033033, 0.047839, -0.005994, 0.034448, 0.015594, -0.041236, -0.006326, 0.003967, 0.034018, 0.079205, 0.007359, -0.032546, 0.002058, 0.035806, 0.010658, -0.006581, 0.005885, -0.028105, 0.044055, 0.033885, 0.041832, -0.02545, -0.073733, -0.010665, 4.8e-05, -0.02898, 0.013341, 0.003398, 0.036339, 0.008319, 0.02132, 0.012118, -0.014241, 0.002981, 0.005181, -0.013233, -0.031947, 0.003345, -0.021275, 0.012624, -0.017191, -0.007411, 0.052508, -0.02405, -0.006163, -0.033077, 0.016721, 0.046792, 0.041681, -0.014149, -0.006188, -0.002709, -0.025059, 0.041726, 0.017159, 0.01814, -0.054665, 0.005851, 0.050152, -0.045374, 0.026523, -0.008552, -0.046162, 0.025223, -0.012257, 0.050148, 0.002225, 0.044234, 0.051893, 0.011973, -0.00551, -0.012638, -0.036847, 0.024813, -0.011846, 0.010565, 0.043118, -0.006356, 0.025816, -0.061685, 0.039645, 0.037906, -0.058863, -0.027046, -0.003564, 0.01885, 0.010382, -0.022007, 0.008452, 0.007851, 0.004839, 0.025262, 0.010591, 0.081966, 0.023689, -0.020404, 0.045391, 0.004674, 0.007068, 0.05165, -0.013439, 0.037476, 0.036902, 0.024045, 0.014893, -0.003005, -0.00169, -0.015491, 0.083131, 0.004568, -0.007967, 0.032007, -0.036263, -0.028083, 0.002446, 0.034695, 0.028107, -0.018648, -0.032296, -0.012394, 0.02959, 0.038042, 0.006639, 0.010817, -0.007174, -0.010954, 0.01233, 0.020613, 0.026787, -0.012305, 0.008591, 0.006703, -0.018307, -0.013691, 0.031347, 0.010415, -0.003862, 0.001971, -0.010807, 0.048279, 0.007561, 0.002891, 0.007593, -0.041408, -0.039044, -0.012482, 0.049298, 0.004969, 0.037986, 0.030787, 0.015606, 0.011196, 0.031743, 0.002922, -0.018606, 0.025155, -0.045594, -0.004343, 0.009727, -0.011067, -0.046786, -0.056051, -0.015638, 0.01375, -0.006597, -0.022301, 0.012783, -0.016699, 0.005349, 0.015038, -0.030445, -0.040985, -0.036999, 0.007223, 0.002049, 0.003937, 0.009254, -0.043144, -0.023822, -0.058672, 0.033872, 0.001177, 0.050814, -0.026829, 0.001189, 0.037709, -0.002088, 0.021485, 0.020326, -0.053996, 0.013246, 0.026377, 0.02589, 0.011498, 0.028775, 0.005374, -0.005267, -0.03383, 0.007559, 0.003429, 0.026503, 0.011817, -0.066762, 0.060239, -0.032324, 0.006788, 0.00623, -0.000567, -0.036099, 0.05357, 0.0304, -0.014094, 0.01623, -0.015693, -0.029189, 0.049695, -0.051905, -0.039761, 0.005576, 0.010827, -0.002071, -0.006405, 0.083794, -0.032386, 0.000776, -0.003138, -0.023854, 0.029662, 0.014963, 0.012065, 0.007896, 0.00195, -0.020813, 0.02947, -0.002311, 0.008751, -0.020901, -0.010704, -0.001079, -0.019391, 0.026767, 0.017222, 0.027163, 0.041862, 0.019413, -0.051323, -0.050093, 0.026932, 0.023539, 0.026989, 0.015382, -0.011192, -0.003976, 0.047968, -0.003227, -0.002663, 0.005517, 0.039802, 0.006483, -0.029528, 0.001661, -0.077958, -0.019502, -0.007489, -0.019519, 0.023813, -0.001747, 0.010256, -0.023603, 0.020255, -0.022779, 0.031227, 0.004123, -0.039098, 0.028775, 0.031806, -0.048779, 0.00139, -0.024777, 0.021475, -0.048921, 0.000937, 0.021457, 0.018625, -0.032284, 0.018157, -0.074801, -0.098721, -0.003303, 0.003881, -0.06029, 0.068955, -0.004247, -0.02847, -0.01338, -0.068789, 0.001033, 0.033315, -0.034768, -0.012904, -0.012136, 0.00558, -0.001776, 0.052127, 0.010523, 0.057044, 0.026399, 0.036561, -0.02364, -0.006587, 0.011309, 0.037583, 0.039797, -0.012143, 0.017886, 0.049108, 0.003529, -0.025791, -0.010343, -0.035296, 0.018848, -0.021231, 0.06184, -0.003126, -0.013455, -0.039038, 0.168216, -0.032538, 0.016457, -0.002453, -0.017159, 0.025655, -0.004528, 0.017107, 0.014335, 0.001603, 0.002945, -0.037998, 0.039096, 0.019863, -0.028445, 0.027964, 0.039307, -0.013241, -0.038359, 0.026715, -0.039822, 0.065893, -0.018321, 0.008751, -0.001804, -0.024833, 0.013543, 0.013887, 0.04057, 0.023696, -0.040558, 0.012579, 0.012837, 0.010124, 0.013568, -0.023482, 0.007482, 0.01243, -0.001928, -0.028063, -0.055587, 0.049542, -0.029507, -0.029997, 0.052027, 0.015843, 0.009917, -0.021077, 0.026612, 0.014876, 0.048358, -0.004454, 0.011797, 0.018592, -0.000598, 0.037183, -0.02501, -0.04201, -0.011026, 0.032127, -0.032819, 0.035433, -0.010083, 0.028211, -0.020233, -0.009271, 0.018198, 0.051988, 0.079375, -0.00047, -0.040608, 0.039127, -0.015135, -0.011362, -0.053951, -0.040962, -0.053853, -0.014423, 0.011816, 0.052215, 0.064248, 0.014498, -0.010014, -0.049602, 0.022795, -0.040643, -0.019447, -0.006424, 0.019438, -0.026208, 0.068767, -0.015945, 0.003672, 0.023821, 0.028931, -0.021252, -0.024646, -0.014161, -0.011767, 0.030073, 0.004036, 0.053415, -0.013206, -0.012008, -0.023169, 0.017206, -0.031616, 0.022613, 0.017891, 0.051152, 0.008412, -0.047097, -0.066469, -0.031021, 0.007774, -0.018434, 0.00318, -0.041137, -0.049786, -0.009433, -0.027466, 0.073209, -0.002489, 0.054369, -0.045956, 0.000861, -0.004839, -0.030749, -0.019424, 0.026089, 0.021897, -0.056955, 0.007656, 0.025928, -0.034956, -0.012606, 0.011046, -0.007747, -0.01564, 0.042086, -0.041749, -0.063389, -0.0366, -0.004298, 0.001023, -0.015709, 0.028812, 0.018339, -0.010039, -0.031104, -0.048571, -0.030742, 0.032473, -0.069752, -0.007751, -0.117749, -0.022369, -0.034449, 0.022925, 0.022163, 0.009753, 0.026435, -0.00565, -0.030386, -0.023447, 0.099865, 0.026261, 0.059385, 0.000965, 0.000733, -0.039754, -0.030372, -0.060541, 0.025171, -0.014144, -0.031839, -0.009417, 0.017344, 0.006365, -0.005871, -0.021493, -0.083543, -0.038761, 0.014083, -0.004523, 0.017384, 0.016581, 0.014584, -0.020444, 0.012309, 0.060769, 0.000968, -0.011962, 0.011621, 0.016961, 0.022853, 0.029719, -0.029357, 0.023647, 0.087681, -0.010057, -0.021221, 0.03169, 0.015457, 0.019798, -0.033777, -0.02518, -0.10768, 0.003811, 0.034946, -0.026104, 0.007892, 0.029458, -0.004514, 0.018107, -0.020685, 0.025995, 0.031988, 0.019463, -0.003858, 0.033764, -0.046753, -0.016138, -0.008273, 0.024521, 0.024169, -0.017537, -0.015645, 0.014354, -0.021101, -0.006409, 0.005759, -0.001897, -0.023158, -0.016099, 0.030466, 0.058181, 0.018543, 0.016199, 0.025862, 0.0131, 0.007328, 0.003796, 0.01303, -0.007957, 0.009456, 0.010033, -0.010362, 0.026302, 0.006854, 0.043427, -0.040512, -0.022539, 0.019082, 0.000737, -0.006864, -0.014037, -0.021455, -0.069353, 0.023139, -0.024966, 0.000952, -0.00347, 0.094864, -0.061904, -0.025652, 0.027481, -0.001714, -0.02139, -0.016382, -0.056628, 0.012877, -0.004577, 