{
  "project": "p3-pretrained-foolbox",
  "summary": "Inference-time FGSM/PGD on SmallCNN (synthetic, offline): clean accuracy 100% -> FGSM 0% and PGD 0% at eps=0.16; mean true-class confidence drops 99% -> 0%.",
  "target": "SmallCNN (synthetic, offline)",
  "used_pretrained": false,
  "seed": 42,
  "n_images": 64,
  "pgd_steps": 10,
  "clean_accuracy": 1.0,
  "fgsm_accuracy_by_epsilon": {
    "0.0": 1.0,
    "0.01": 1.0,
    "0.02": 1.0,
    "0.04": 0.8125,
    "0.08": 0.015625,
    "0.16": 0.0
  },
  "pgd_accuracy_by_epsilon": {
    "0.0": 1.0,
    "0.01": 1.0,
    "0.02": 1.0,
    "0.04": 0.453125,
    "0.08": 0.0,
    "0.16": 0.0
  },
  "fgsm_true_conf_by_epsilon": {
    "0.0": 0.9852149486541748,
    "0.01": 0.9621433615684509,
    "0.02": 0.9035118818283081,
    "0.04": 0.5792787075042725,
    "0.08": 0.07623989880084991,
    "0.16": 0.0014490920584648848
  },
  "eps_demo": 0.08,
  "figures": [
    "results/figures/accuracy_confidence_vs_epsilon.png",
    "results/figures/clean_vs_adversarial.png"
  ]
}
