{
  "project": "p1-fraud-detection",
  "summary": "logreg on synthetic credit-card fraud (realized rate 0.99%): PR-AUC=0.440, ROC-AUC=0.965; at a 1% false-positive budget it catches 56% of fraud at 40% alert precision; p@100=0.45.",
  "source": "synthetic",
  "best_model": "logreg",
  "seed": 42,
  "n_transactions": 30000,
  "n_features": 14,
  "fraud_rate_realized": 0.009866666666666666,
  "target_fpr": 0.01,
  "operating_threshold": 0.9663268497869627,
  "pr_auc": 0.44019612268620534,
  "roc_auc": 0.9646516929587091,
  "recall_at_fpr": 0.5617977528089888,
  "recall_at_threshold": 0.5617977528089888,
  "precision_at_threshold": 0.4032258064516129,
  "confusion": {
    "tp": 50,
    "fp": 74,
    "fn": 39,
    "tn": 8837
  },
  "precision_at_k": {
    "p@50": 0.58,
    "p@100": 0.45,
    "p@200": 0.295
  },
  "models": {
    "logreg": {
      "pr_auc": 0.44019612268620534,
      "roc_auc": 0.9646516929587091
    },
    "rf": {
      "pr_auc": 0.4278751803344671,
      "roc_auc": 0.9565440517275076
    },
    "xgboost": {
      "pr_auc": 0.3935490023760377,
      "roc_auc": 0.9503252513305736
    }
  },
  "figures": [
    "results/figures/precision_recall_curve.png",
    "results/figures/confusion_matrix.png",
    "results/figures/precision_at_k.png"
  ]
}
