{
  "project": "p1-causal-inference",
  "summary": "True ATE 2.00. Naive (confounded) = 6.29 (bias +4.29); doubly-robust AIPW = 2.00 (bias -0.00). AIPW 95% CI covers the truth 94% of the time vs 0% for naive. IPW weighting cuts mean |SMD| from 0.47 to 0.03.",
  "data_source": "synthetic SCM (known ATE)",
  "seed": 42,
  "n": 3000,
  "p": 5,
  "true_ate": 2.0,
  "estimates": {
    "naive": 6.294357856912536,
    "regression": 2.0354865243283427,
    "ipw": 2.200489866988778,
    "aipw": 1.9971951351740542
  },
  "bias": {
    "naive": 4.294357856912536,
    "regression": 0.03548652432834265,
    "ipw": 0.2004898669887778,
    "aipw": -0.0028048648259457742
  },
  "aipw_se": 0.048302949477855045,
  "aipw_ci": [
    1.9025230938504005,
    2.0918671764977077
  ],
  "coverage": {
    "n_sims": 200,
    "naive_coverage": 0.0,
    "aipw_coverage": 0.94
  },
  "balance": {
    "smd_before": [
      0.6083068207030986,
      0.43317902436285327,
      0.5533657278798896,
      0.32111654677723606,
      0.45723527964855853
    ],
    "smd_after": [
      0.05186143500035982,
      0.03840985596740974,
      -0.0035605661653751786,
      0.029165802774077317,
      -0.010325979296517006
    ],
    "mean_abs_smd_before": 0.4746406798743272,
    "mean_abs_smd_after": 0.026664727840747814
  },
  "figures": [
    "results/figures/ate_by_method.png",
    "results/figures/covariate_balance.png"
  ]
}